{
    "1": {
        "minLat": 21.60014375,
        "maxLat": 29.19995839,
        "minLong": 92.46042146,
        "maxLong": 97.39937429
    },
    "2": {
        "minLat": 27.05761876,
        "maxLat": 28.57880921,
        "minLong": 95.05986981,
        "maxLong": 96.40716099
    },
    "3": {
        "minLat": 27.05764324,
        "maxLat": 28.57871077,
        "minLong": 95.05986912,
        "maxLong": 96.40762933
    },
    "4": {
        "minLat": 27.05837796,
        "maxLat": 28.61235760,
        "minLong": 93.7435196,
        "maxLong": 96.39637478
    },
    "5": {
        "minLat": 27.08290326,
        "maxLat": 28.61230602,
        "minLong": 93.74352944,
        "maxLong": 95.05986733
    },
    "6": {
        "minLat": 25.59149937,
        "maxLat": 28.64973891,
        "minLong": 92.46043147,
        "maxLong": 95.05986455
    },
    "7": {
        "minLat": 25.58814193,
        "maxLat": 27.12369235,
        "minLong": 93.74351024,
        "maxLong": 95.0598633
    },
    "8": {
        "minLat": 25.58435133,
        "maxLat": 27.12341716,
        "minLong": 93.74351212,
        "maxLong": 95.05986563
    },
    "9": {
        "minLat": 25.58688516,
        "maxLat": 27.1403504,
        "minLong": 92.46041556,
        "maxLong": 95.05982902
    },
    "10": {
        "minLat": 25.61549032,
        "maxLat": 27.14028663,
        "minLong": 92.46041663,
        "maxLong": 93.7435079
    },
    "11": {
        "minLat": 25.61540995,
        "maxLat": 27.14506675,
        "minLong": 92.46041483,
        "maxLong": 93.74350889
    },
    "12": {
        "minLat": 22.5924543,
        "maxLat": 27.14024138,
        "minLong": 92.46041454,
        "maxLong": 94.87576442
    },
    "13": {
        "minLat": 24.09159223,
        "maxLat": 25.61388193,
        "minLong": 93.74352066,
        "maxLong": 94.8842968
    },
    "14": {
        "minLat": 21.80061239,
        "maxLat": 25.60919924,
        "minLong": 90.00000251,
        "maxLong": 94.87567046
    },
    "15": {
        "minLat": 21.78296499,
        "maxLat": 25.64191301,
        "minLong": 90.00000223,
        "maxLong": 93.74350614
    },
    "16": {
        "minLat": 24.10323701,
        "maxLat": 25.65723066,
        "minLong": 91.21213861,
        "maxLong": 93.74350324
    },
    "17": {
        "minLat": 24.12637352,
        "maxLat": 25.65738866,
        "minLong": 91.21213342,
        "maxLong": 92.46041303
    },
    "18": {
        "minLat": 24.12659231,
        "maxLat": 25.65744013,
        "minLong": 91.2121336,
        "maxLong": 92.46041169
    },
    "19": {
        "minLat": 22.60252348,
        "maxLat": 25.65752205,
        "minLong": 91.21213246,
        "maxLong": 92.46041276
    },
    "20": {
        "minLat": 22.60244315,
        "maxLat": 24.13885387,
        "minLong": 91.21213247,
        "maxLong": 92.46041153
    },
    "21": {
        "minLat": 22.6019701,
        "maxLat": 24.13897348,
        "minLong": 91.21213245,
        "maxLong": 92.46039162
    },
    "22": {
        "minLat": 22.60232275,
        "maxLat": 25.66274995,
        "minLong": 90.00001406,
        "maxLong": 92.46041235
    },
    "23": {
        "minLat": 24.139222,
        "maxLat": 25.66276742,
        "minLong": 90.00000057,
        "maxLong": 91.21213018
    },
    "24": {
        "minLat": 24.13921515,
        "maxLat": 25.66278117,
        "minLong": 90.00000328,
        "maxLong": 91.21213108
    },
    "25": {
        "minLat": 24.13924391,
        "maxLat": 25.66281068,
        "minLong": 90.00000062,
        "maxLong": 91.21212823
    },
    "26": {
        "minLat": 24.13924174,
        "maxLat": 27.17161344,
        "minLong": 90.00000053,
        "maxLong": 91.21213037
    },
    "27": {
        "minLat": 25.6582091,
        "maxLat": 27.17331938,
        "minLong": 90.00000041,
        "maxLong": 91.21212952
    },
    "28": {
        "minLat": 25.65834403,
        "maxLat": 27.17274991,
        "minLong": 90.00000104,
        "maxLong": 91.21213064
    },
    "29": {
        "minLat": 25.65829645,
        "maxLat": 27.17312967,
        "minLong": 90.00000046,
        "maxLong": 91.21213048
    },
    "30": {
        "minLat": 21.60000355,
        "maxLat": 28.66131742,
        "minLong": 90.00000029,
        "maxLong": 92.46040906
    },
    "31": {
        "minLat": 21.60000282,
        "maxLat": 22.61526919,
        "minLong": 91.21215021,
        "maxLong": 92.46041386
    },
    "32": {
        "minLat": 21.60000300,
        "maxLat": 29.19996711,
        "minLong": 88.78786799,
        "maxLong": 95.05986334
    },
    "33": {
        "minLat": 22.61567015,
        "maxLat": 24.14386627,
        "minLong": 90.00000501,
        "maxLong": 91.21213131
    },
    "34": {
        "minLat": 22.61567596,
        "maxLat": 24.14386287,
        "minLong": 90.00000098,
        "maxLong": 91.21213097
    },
    "35": {
        "minLat": 22.61580062,
        "maxLat": 24.14390823,
        "minLong": 90.00000104,
        "maxLong": 91.2121318
    },
    "36": {
        "minLat": 22.61569022,
        "maxLat": 24.14390778,
        "minLong": 90.00000282,
        "maxLong": 91.21213183
    },
    "37": {
        "minLat": 22.61565091,
        "maxLat": 24.14388506,
        "minLong": 90.00000193,
        "maxLong": 91.21213178
    },
    "38": {
        "minLat": 22.61567993,
        "maxLat": 24.14386897,
        "minLong": 90.00000247,
        "maxLong": 91.21212971
    },
    "39": {
        "minLat": 22.61581875,
        "maxLat": 24.14385332,
        "minLong": 90.00000697,
        "maxLong": 91.2121314
    },
    "40": {
        "minLat": 22.61562746,
        "maxLat": 24.14389407,
        "minLong": 90.00000041,
        "maxLong": 91.21213158
    },
    "41": {
        "minLat": 22.61583787,
        "maxLat": 27.16637846,
        "minLong": 90.00000154,
        "maxLong": 92.46041245
    },
    "42": {
        "minLat": 25.64291624,
        "maxLat": 27.1666642,
        "minLong": 91.21213963,
        "maxLong": 92.46041447
    },
    "43": {
        "minLat": 25.64289251,
        "maxLat": 27.16636585,
        "minLong": 91.21213252,
        "maxLong": 92.46041079
    },
    "44": {
        "minLat": 25.64293503,
        "maxLat": 27.16676012,
        "minLong": 91.21213458,
        "maxLong": 92.46041414
    },
    "45": {
        "minLat": 25.64276271,
        "maxLat": 28.28820158,
        "minLong": 88.00018119,
        "maxLong": 92.46041438
    },
    "46": {
        "minLat": 25.65788855,
        "maxLat": 28.29227737,
        "minLong": 88.00046206,
        "maxLong": 89.99999827
    },
    "47": {
        "minLat": 25.65790382,
        "maxLat": 27.17262379,
        "minLong": 88.78786802,
        "maxLong": 89.99999884
    },
    "48": {
        "minLat": 25.65787934,
        "maxLat": 27.17271776,
        "minLong": 88.78786843,
        "maxLong": 89.99999927
    },
    "49": {
        "minLat": 25.65787857,
        "maxLat": 27.17247285,
        "minLong": 88.7878694,
        "maxLong": 89.99999946
    },
    "50": {
        "minLat": 24.14092343,
        "maxLat": 27.17265537,
        "minLong": 88.78786818,
        "maxLong": 89.99999988
    },
    "51": {
        "minLat": 24.13992091,
        "maxLat": 25.66276723,
        "minLong": 88.78786931,
        "maxLong": 90.0
    },
    "52": {
        "minLat": 24.13989868,
        "maxLat": 25.66278738,
        "minLong": 88.78786926,
        "maxLong": 89.99999886
    },
    "53": {
        "minLat": 24.13984802,
        "maxLat": 25.66281277,
        "minLong": 88.78786821,
        "maxLong": 89.99999926
    },
    "54": {
        "minLat": 24.13998772,
        "maxLat": 25.66279908,
        "minLong": 88.78786813,
        "maxLong": 89.99999972
    },
    "55": {
        "minLat": 24.13981985,
        "maxLat": 25.6628084,
        "minLong": 88.78786785,
        "maxLong": 89.99999919
    },
    "56": {
        "minLat": 22.61551674,
        "maxLat": 25.66279985,
        "minLong": 88.78786871,